{
  "RAREUSDT|ema_bounce|long|20260424T110036761280Z": {
    "base_score": 0.6647,
    "llm_verdict": null,
    "llm_reason": null,
    "rsi_15m": 55.43176652415583,
    "rsi_1h": 50.67516684559307,
    "rsi_4h": 50.91134231843616,
    "adx_1h": 30.885587528286226,
    "adx_4h": 44.59411823512047,
    "atr_pct_15m": 0.8398800676298834,
    "volume_ratio_15m": 1.5011802081801362,
    "macd_histogram_15m": 6.859536280284545e-05,
    "ema20_above_ema50_15m": false,
    "ema50_above_ema200_15m": true,
    "ema20_above_ema50_1h": true,
    "ema50_above_ema200_1h": true,
    "spread_bps": 5.680204487361313,
    "quote_volume": 29130100.08817,
    "delta_ratio": 0.5410808367647049,
    "risk_reward": 9.728262164693607,
    "stop_distance_pct": 2.12373144637564,
    "entry_mid": 0.01757,
    "bias_4h": "uptrend",
    "setup_id": "ema_bounce",
    "direction": "long",
    "timeframe": "15m",
    "supertrend_dir_1h": -1.0,
    "supertrend_dir_15m": -1.0,
    "obv_above_ema_15m": 0.0,
    "bb_pct_b_15m": 1.0037975969513975,
    "bb_width_15m": 2.9872193439213164,
    "funding_rate": 3.653e-05,
    "oi_current": 116914898.0,
    "oi_change_pct": -0.0029938907319445596,
    "oi_slope_5m": 0.001289288954482215,
    "ls_ratio": 1.666,
    "global_ls_ratio": null,
    "top_trader_position_ratio": 1.666,
    "top_vs_global_ls_gap": null,
    "liquidation_score": null,
    "mark_index_spread_bps": 0.0,
    "premium_zscore_5m": null,
    "premium_slope_5m": null,
    "context_snapshot_age_seconds": 18.869,
    "data_source_mix": "futures_only",
    "market_regime": "trending"
  }
}